{
  "Logistic Regression": {
    "accuracy": 0.8413333333333334,
    "precision": 0.6900369003690037,
    "recall": 0.8423423423423423,
    "f1_score": 0.7586206896551724,
    "roc_auc": 0.9333538083538083
  },
  "Decision Tree": {
    "accuracy": 0.6866666666666666,
    "precision": 0.4835443037974684,
    "recall": 0.8603603603603603,
    "f1_score": 0.6191247974068071,
    "roc_auc": 0.819427381927382
  },
  "Random Forest": {
    "accuracy": 0.832,
    "precision": 0.6983471074380165,
    "recall": 0.7612612612612613,
    "f1_score": 0.728448275862069,
    "roc_auc": 0.9043389980889981
  },
  "MLP": {
    "accuracy": 0.8546666666666667,
    "precision": 0.7116104868913857,
    "recall": 0.8558558558558559,
    "f1_score": 0.7770961145194274,
    "roc_auc": 0.929412366912367
  }
}