{
  "Logistic Regression": {
    "accuracy": {
      "mean": 0.8317142857142856,
      "std": 0.01717615813164472,
      "folds": [
        0.8357142857142857,
        0.8342857142857143,
        0.8057142857142857,
        0.8242857142857143,
        0.8585714285714285
      ]
    },
    "precision": {
      "mean": 0.673012519796924,
      "std": 0.030366698111855252,
      "folds": [
        0.6837944664031621,
        0.6756756756756757,
        0.6309963099630996,
        0.6532846715328468,
        0.7213114754098361
      ]
    },
    "recall": {
      "mean": 0.843640839836492,
      "std": 0.013723149151828208,
      "folds": [
        0.8317307692307693,
        0.8454106280193237,
        0.8260869565217391,
        0.8647342995169082,
        0.8502415458937198
      ]
    },
    "f1_score": {
      "mean": 0.7483733962863083,
      "std": 0.020697627464977626,
      "folds": [
        0.7505422993492408,
        0.7510729613733905,
        0.7154811715481172,
        0.7442827442827443,
        0.7804878048780488
      ]
    },
    "roc_auc": {
      "mean": 0.9232522925368241,
      "std": 0.010560173696143585,
      "folds": [
        0.9224613039399624,
        0.9231070739140234,
        0.906928888496928,
        0.9234696377301546,
        0.9402945586030513
      ]
    }
  },
  "Decision Tree": {
    "accuracy": {
      "mean": 0.762857142857143,
      "std": 0.013217181149966157,
      "folds": [
        0.77,
        0.7557142857142857,
        0.7414285714285714,
        0.7671428571428571,
        0.78
      ]
    },
    "precision": {
      "mean": 0.5879854733689587,
      "std": 0.022655431989828178,
      "folds": [
        0.6053811659192825,
        0.5725806451612904,
        0.5524193548387096,
        0.5948275862068966,
        0.6147186147186147
      ]
    },
    "recall": {
      "mean": 0.6699043106651803,
      "std": 0.014342163369163014,
      "folds": [
        0.6490384615384616,
        0.6859903381642513,
        0.6618357487922706,
        0.6666666666666666,
        0.6859903381642513
      ]
    },
    "f1_score": {
      "mean": 0.625985432679991,
      "std": 0.01469159095456421,
      "folds": [
        0.6264501160092807,
        0.6241758241758242,
        0.6021978021978022,
        0.6287015945330297,
        0.6484018264840182
      ]
    },
    "roc_auc": {
      "mean": 0.7752548785329865,
      "std": 0.015137527538366075,
      "folds": [
        0.7818314180737961,
        0.7663913141468482,
        0.7499730526893417,
        0.7875033071699443,
        0.7905753005850016
      ]
    }
  },
  "Random Forest": {
    "accuracy": {
      "mean": 0.8282857142857143,
      "std": 0.012980361933257776,
      "folds": [
        0.8228571428571428,
        0.84,
        0.8142857142857143,
        0.8171428571428572,
        0.8471428571428572
      ]
    },
    "precision": {
      "mean": 0.7008731455005611,
      "std": 0.02505490939176076,
      "folds": [
        0.6981132075471698,
        0.7168949771689498,
        0.6859903381642513,
        0.6652719665271967,
        0.7380952380952381
      ]
    },
    "recall": {
      "mean": 0.7345782237086584,
      "std": 0.030946691934092357,
      "folds": [
        0.7115384615384616,
        0.7584541062801933,
        0.6859903381642513,
        0.7681159420289855,
        0.748792270531401
      ]
    },
    "f1_score": {
      "mean": 0.7168502409776799,
      "std": 0.021109413682749243,
      "folds": [
        0.7047619047619048,
        0.7370892018779343,
        0.6859903381642513,
        0.7130044843049327,
        0.7434052757793765
      ]
    },
    "roc_auc": {
      "mean": 0.8903876406373387,
      "std": 0.015242851842595863,
      "folds": [
        0.8886120231394622,
        0.8951504639836944,
        0.863568215892054,
        0.894160762755877,
        0.910446737415606
      ]
    }
  }
}