{
  "Logistic Regression": 0.5399999999999998,
  "Decision Tree": 0.16999999999999998,
  "Random Forest": 0.46999999999999986,
  "MLP": 0.5199999999999998
}